cycle,instruction_id,pc,instruction,stage,event,rob_index,iq_index,lsq_index,arch_dest,phys_dest,old_phys_dest,branch_prediction,cache_result
9,1,0,ADDI x1  x0  1,Instruction Fetch,FETCH,0,-1,-1,1,-1,-1,,I_HIT
9,2,1,ADDI x2  x1  1,Instruction Fetch,FETCH,0,-1,-1,2,-1,-1,,I_HIT
10,1,0,ADDI x1  x0  1,Decode,DECODE,0,-1,-1,1,-1,-1,,
10,2,1,ADDI x2  x1  1,Decode,DECODE,0,-1,-1,2,-1,-1,,
10,3,2,ADDI x3  x2  1,Instruction Fetch,FETCH,0,-1,-1,3,-1,-1,,I_HIT
10,4,3,ADDI x4  x3  1,Instruction Fetch,FETCH,0,-1,-1,4,-1,-1,,I_HIT
11,1,0,ADDI x1  x0  1,Rename,RENAME,0,-1,-1,1,32,1,,
11,2,1,ADDI x2  x1  1,Rename,RENAME,0,-1,-1,2,33,2,,
11,3,2,ADDI x3  x2  1,Decode,DECODE,0,-1,-1,3,-1,-1,,
11,4,3,ADDI x4  x3  1,Decode,DECODE,0,-1,-1,4,-1,-1,,
11,5,4,ADDI x5  x4  1,Instruction Fetch,FETCH,0,-1,-1,5,-1,-1,,I_HIT
11,6,5,ADDI x6  x5  1,Instruction Fetch,FETCH,0,-1,-1,6,-1,-1,,I_HIT
12,1,0,ADDI x1  x0  1,Dispatch,DISPATCH,1,-1,-1,1,32,1,,
12,2,1,ADDI x2  x1  1,Dispatch,DISPATCH,2,-1,-1,2,33,2,,
12,3,2,ADDI x3  x2  1,Rename,RENAME,0,-1,-1,3,34,3,,
12,4,3,ADDI x4  x3  1,Rename,RENAME,0,-1,-1,4,35,4,,
12,5,4,ADDI x5  x4  1,Decode,DECODE,0,-1,-1,5,-1,-1,,
12,6,5,ADDI x6  x5  1,Decode,DECODE,0,-1,-1,6,-1,-1,,
12,7,6,ADDI x7  x6  1,Instruction Fetch,FETCH,0,-1,-1,7,-1,-1,,I_HIT
12,8,7,ADDI x8  x7  1,Instruction Fetch,FETCH,0,-1,-1,8,-1,-1,,I_HIT
13,1,0,ADDI x1  x0  1,Issue / Select,ISSUE,1,-1,-1,1,32,-1,,
13,1,0,ADDI x1  x0  1,Execute,EXECUTE_START,1,-1,-1,1,32,-1,,
13,3,2,ADDI x3  x2  1,Dispatch,DISPATCH,3,-1,-1,3,34,3,,
13,4,3,ADDI x4  x3  1,Dispatch,DISPATCH,4,-1,-1,4,35,4,,
13,5,4,ADDI x5  x4  1,Rename,RENAME,0,-1,-1,5,36,5,,
13,6,5,ADDI x6  x5  1,Rename,RENAME,0,-1,-1,6,37,6,,
13,7,6,ADDI x7  x6  1,Decode,DECODE,0,-1,-1,7,-1,-1,,
13,8,7,ADDI x8  x7  1,Decode,DECODE,0,-1,-1,8,-1,-1,,
14,1,0,ADDI x1  x0  1,Execute,EXECUTE_DONE,1,-1,-1,1,32,-1,,
14,1,0,ADDI x1  x0  1,Writeback,WRITEBACK,1,-1,-1,1,32,-1,,
14,1,0,ADDI x1  x0  1,Commit / Retire,COMMIT,1,-1,-1,1,32,-1,,
14,2,1,ADDI x2  x1  1,Issue / Select,ISSUE,2,-1,-1,2,33,-1,,
14,2,1,ADDI x2  x1  1,Execute,EXECUTE_START,2,-1,-1,2,33,-1,,
14,5,4,ADDI x5  x4  1,Dispatch,DISPATCH,5,-1,-1,5,36,5,,
14,6,5,ADDI x6  x5  1,Dispatch,DISPATCH,6,-1,-1,6,37,6,,
14,7,6,ADDI x7  x6  1,Rename,RENAME,0,-1,-1,7,1,7,,
14,8,7,ADDI x8  x7  1,Rename,RENAME,0,-1,-1,8,38,8,,
15,2,1,ADDI x2  x1  1,Execute,EXECUTE_DONE,2,-1,-1,2,33,-1,,
15,2,1,ADDI x2  x1  1,Writeback,WRITEBACK,2,-1,-1,2,33,-1,,
15,2,1,ADDI x2  x1  1,Commit / Retire,COMMIT,2,-1,-1,2,33,-1,,
15,3,2,ADDI x3  x2  1,Issue / Select,ISSUE,3,-1,-1,3,34,-1,,
15,3,2,ADDI x3  x2  1,Execute,EXECUTE_START,3,-1,-1,3,34,-1,,
15,7,6,ADDI x7  x6  1,Dispatch,DISPATCH,7,-1,-1,7,1,7,,
15,8,7,ADDI x8  x7  1,Dispatch,DISPATCH,8,-1,-1,8,38,8,,
16,3,2,ADDI x3  x2  1,Execute,EXECUTE_DONE,3,-1,-1,3,34,-1,,
16,3,2,ADDI x3  x2  1,Writeback,WRITEBACK,3,-1,-1,3,34,-1,,
16,3,2,ADDI x3  x2  1,Commit / Retire,COMMIT,3,-1,-1,3,34,-1,,
16,4,3,ADDI x4  x3  1,Issue / Select,ISSUE,4,-1,-1,4,35,-1,,
16,4,3,ADDI x4  x3  1,Execute,EXECUTE_START,4,-1,-1,4,35,-1,,
17,4,3,ADDI x4  x3  1,Execute,EXECUTE_DONE,4,-1,-1,4,35,-1,,
17,4,3,ADDI x4  x3  1,Writeback,WRITEBACK,4,-1,-1,4,35,-1,,
17,4,3,ADDI x4  x3  1,Commit / Retire,COMMIT,4,-1,-1,4,35,-1,,
17,5,4,ADDI x5  x4  1,Issue / Select,ISSUE,5,-1,-1,5,36,-1,,
17,5,4,ADDI x5  x4  1,Execute,EXECUTE_START,5,-1,-1,5,36,-1,,
18,5,4,ADDI x5  x4  1,Execute,EXECUTE_DONE,5,-1,-1,5,36,-1,,
18,5,4,ADDI x5  x4  1,Writeback,WRITEBACK,5,-1,-1,5,36,-1,,
18,5,4,ADDI x5  x4  1,Commit / Retire,COMMIT,5,-1,-1,5,36,-1,,
18,6,5,ADDI x6  x5  1,Issue / Select,ISSUE,6,-1,-1,6,37,-1,,
18,6,5,ADDI x6  x5  1,Execute,EXECUTE_START,6,-1,-1,6,37,-1,,
19,6,5,ADDI x6  x5  1,Execute,EXECUTE_DONE,6,-1,-1,6,37,-1,,
19,6,5,ADDI x6  x5  1,Writeback,WRITEBACK,6,-1,-1,6,37,-1,,
19,6,5,ADDI x6  x5  1,Commit / Retire,COMMIT,6,-1,-1,6,37,-1,,
19,7,6,ADDI x7  x6  1,Issue / Select,ISSUE,7,-1,-1,7,1,-1,,
19,7,6,ADDI x7  x6  1,Execute,EXECUTE_START,7,-1,-1,7,1,-1,,
20,7,6,ADDI x7  x6  1,Execute,EXECUTE_DONE,7,-1,-1,7,1,-1,,
20,7,6,ADDI x7  x6  1,Writeback,WRITEBACK,7,-1,-1,7,1,-1,,
20,7,6,ADDI x7  x6  1,Commit / Retire,COMMIT,7,-1,-1,7,1,-1,,
20,8,7,ADDI x8  x7  1,Issue / Select,ISSUE,8,-1,-1,8,38,-1,,
20,8,7,ADDI x8  x7  1,Execute,EXECUTE_START,8,-1,-1,8,38,-1,,
21,8,7,ADDI x8  x7  1,Execute,EXECUTE_DONE,8,-1,-1,8,38,-1,,
21,8,7,ADDI x8  x7  1,Writeback,WRITEBACK,8,-1,-1,8,38,-1,,
21,8,7,ADDI x8  x7  1,Commit / Retire,COMMIT,8,-1,-1,8,38,-1,,
